current_commit_id,parent_commit_id
0641db016690a10dbc15eb756af0876f143bb016,e0683e8a04823485215d77590abef9fb0ba608f1
daab57432218a5f15e4c90fcfe6ef2089477180d,1891787bf30c3587683f89ff183b0270b175f08d
027edc85a36c3ddec3f578a9fdf51efbace2f883,6d507a2252349ed5ea788cd69fdc668dc10e8a60
41c833321ad8669caadb5495060643500daa6244,e17e453576cdfd40d6ac2edfcc4518585846c113
4d2ee17d96aa45198c1852c1a2525ae6d29f5254,027edc85a36c3ddec3f578a9fdf51efbace2f883
5c14f15f9c112bceafad0085e383e6239c489c70,30a490cc958a4967f1344ccf4fca9911a80cccc0
1ea076c1cf4b74a1b4697f5fb29d12682f0de933,83548f242c0fbde1216189e4dedbe90e6571d249
db2969c50b4895c7acfccb3b3f720c6b98145094,3a231c394a3e91e3666cf88c01465e44250cd5ce
42665f1b20726dd4cf2ed588e3f39bef55efc024,be77c7f56336d1e5f1fcf10e6ab5a446f265b8e3
16bc04b98cc86771e14af0846221a5320911dcf9,a446944f3e856bdd4f57615b1dd61ef481fb19f3
83548f242c0fbde1216189e4dedbe90e6571d249,3ed15c63a4ac7daffad9f436e3e41bafd71d04ec
5d3910bed6fd20433c3a5653e9cb784c62afa4e8,db2969c50b4895c7acfccb3b3f720c6b98145094
78bdacd162afd555ceffaecc5067093bd597e3a0,23c6de5565967944e18456040057d0d8185c4365
79bc4a4689833ebddaddf82d651cc7d1b09140f3,4321e91fee27ce26cc5d4cceb32ae4e0151a5d2d
454a03bced8b9d8418f00d5dbaab378e4c9bbae9,dff5d331946e9cf6fa58ad5bf19a56fc25dedb71
a8d9e7f5fa82712a95638e065d17502c4221f205,f7edd5e9b937627eb56cd13d2779c2d4ac9e2a2f
f5eda2d2912dee7a00b39c03d739b42856b2c28e,a6c3d8c1fac8949d9d39f3a75d531cc400787869
5d5fe05592a7e193cdfe1843159790c98b87516d,555bb36f02d16764382f651e6a05a215d5fcc7e0
c06239d6a6b866670769ee8e31c33f3296d63fd2,9b0aa7447dd3ffb265331c105c26ae8dd117ae8f
3190984fcd4e5344f3f7a8c76b5053774b18a1f0,fed37d3636a46b5fdcc9092e1ed3d2ee772614a4
3ed15c63a4ac7daffad9f436e3e41bafd71d04ec,4149d95af5a34305cd2d62ba7c25013f8888ed59
9ceb11098a1247a4d979ee735344cd5b6c6e8f03,bbf3f992124f494eaf36553876bac13a16198e8d
719637ac1ed7778c08edf957267be0b8468c9f07,32ade16638a29051d72a88b546ca62d61de17a44
45d25398f3f05424cf29d46f589e2230a4282c5a,3e352af023244a4316d5bfbf00bc4d3bb595a8a5
8746e8f2ac7d7cce6c8a8cfd133eba4c3fb2e27a,31064d668161109feecbb03f7ed71eeaab8940e1
b56a665dc0e7410aa71a407e3793ee9d9b5211ad,6a93361c67859894f326bf5c4b57e09fe8c6f883
ba5fe4a1f83351425a4510f386b675a8b0b8a902,22c21bbe646bc60b41ab5fd6217fa1b599705468
3a231c394a3e91e3666cf88c01465e44250cd5ce,f86d079da6ea83acc6e40e21de88a18daeffed85
6c837610a9c77abc9d4542ad0bca52174e7db579,0cf73799e00162dbb47ff1194e671fd468e590bc
b1ebd24c618adc3a87c950ef81c6a30c868c8c43,9d47c07dfbd1430ab387c43ba0fe53279eb321da
6a93361c67859894f326bf5c4b57e09fe8c6f883,16bc04b98cc86771e14af0846221a5320911dcf9
b2fb92448b5a3be02eaea9e78c749e9944866fd4,6833fa363cf6a1d946dc8e80a0f39a4c0f1a7ca0
d1aae518f9eb9e147a4ebef00fce346bce76d930,3ccb0a91e512c065c1f715b7d4486ad563c9d163
